create database menshub;

use menshub;

CREATE TABLE `allergeni` (
  `id` int(11) NOT NULL AUTO_INCREMENT PRIMARY KEY,
  `nome` varchar(255) NOT NULL
);

INSERT INTO
  `allergeni` (`nome`)
VALUES
  ('glutine'),
  ('latticini'),
  ('uova'),
  ('soia'),
  ('sesamo'),
  ('noci'),
  ('sedano'),
  ('senape'),
  ('aglio'),
  ('frutta a guscio'),
  ('pesce'),
  ('arachidi'),
  ('lupino'),
  ('molluschi');

CREATE TABLE `categorie` (
  `id` int(11) NOT NULL AUTO_INCREMENT PRIMARY KEY,
  `nome` varchar(255) NOT NULL,
  `indirizzo_img` varchar(255) NOT NULL
);

INSERT INTO
  `categorie` (`nome`, `indirizzo_img`)
VALUES
  ('antipasto', 'categories/antipasto.webp'),
  ('primo', 'categories/primo.webp'),
  ('secondo', 'categories/secondo.webp'),
  ('contorno', 'categories/contorno.webp'),
  ('dolce', 'categories/dolce.webp'),
  ('bibita', 'categories/bibita.webp');

CREATE TABLE `mense` (
  `id` int(11) AUTO_INCREMENT primary key,
  `nome` varchar(50) NOT NULL,
  `indirizzo` varchar(100) NOT NULL,
  `regione` varchar(100) NOT NULL,
  `provincia` VARCHAR(100) NOT NULL,
  `comune` VARCHAR(100) NOT NULL,
  `cap` INT NOT NULL,
  `email` varchar(100) NOT NULL,
  `telefono` varchar(20) NOT NULL,
  `verificato` tinyint(1) NOT NULL DEFAULT 0 
);

INSERT INTO
  `mense` (`id`, `nome`, `indirizzo`,`regione`,`provincia`,`comune`,`cap`,`email`,`telefono`, `verificato`)
VALUES
  (1, 'Mensa Planck', 'Via Franchini, 2','Veneto','Treviso','Villorba',31020,'mensaplanck@gmail.com','3285574653', 1);


CREATE TABLE `utenti` (
  `id` int(11) AUTO_INCREMENT PRIMARY KEY,
  `nome` varchar(50) NOT NULL,
  `cognome` varchar(50) NOT NULL,
  `email` varchar(100) NOT NULL,
  `password` varchar(255) NOT NULL,
  `id_mensa` int(11) DEFAULT NULL,
  `cliente` tinyint(1) NOT NULL,
  `verificato` tinyint(1) NOT NULL DEFAULT 0
);
ALTER TABLE
  `utenti`
ADD
  CONSTRAINT `utenti_ibfk_1` FOREIGN KEY (`id_mensa`) REFERENCES `mense` (`id`)
  ON DELETE SET NULL ON UPDATE CASCADE;

INSERT INTO `utenti` (`id`, `nome`, `cognome`, `email`, `password`, `id_mensa`, `cliente`,`verificato` ) VALUES
(1, 'Simone', 'Lapomarda', 'simolapomarda@gmail.com', 'a665a45920422f9d417e4867efdc4fb8a04a1f3fff1fa07e998e86f7f7a27ae3', 1, 0,1);


CREATE TABLE `ordini` (
  `id` int(11) AUTO_INCREMENT PRIMARY KEY,
  `id_mensa` int(11),
  `data` datetime DEFAULT NULL,
  `ora_consegna` time DEFAULT '00:00:00',
  `stato_ordine` varchar(255) DEFAULT NULL,
  `pagato` tinyint(1) DEFAULT 0,
  `id_utente` int(11) 
);

ALTER TABLE
  `ordini`
ADD
  CONSTRAINT `fk_ordini_utenti` FOREIGN KEY (`id_utente`) REFERENCES `utenti` (`id`)
  ON DELETE SET NULL ON UPDATE CASCADE,
ADD
  CONSTRAINT `ordini_ibfk_1` FOREIGN KEY (`id_mensa`) REFERENCES `mense` (`id`)
  ON DELETE CASCADE ON UPDATE CASCADE;

INSERT INTO ordini (id, id_mensa, data, stato_ordine, id_utente, ora_consegna, pagato)
VALUES
  (5679, 1, '2024-01-25 15:37:01', 'in corso', 1, '14:00:00', 1),
  (5680, 1, '2024-01-26 10:15:00', 'in corso', 1, '12:30:00', 1),
  (5681, 1, '2024-01-27 12:30:00', 'da fare', 1, '11:45:00', 0),
  (5682, 1, '2024-01-28 18:45:00', 'in corso', 1, '17:00:00', 1),
  (5683, 1, '2024-01-29 14:20:00', 'da fare', 1, '13:15:00', 0),
  (5684, 1, '2024-01-30 09:00:00', 'in corso', 1, '20:00:00', 1),
  (5685, 1, '2024-01-31 16:10:00', 'da fare', 1, '09:30:00', 0),
  (5686, 1, '2024-02-01 11:45:00', 'in corso', 1, '15:45:00', 1),
  (5687, 1, '2024-02-02 13:55:00', 'da fare', 1, '18:20:00', 0),
  (5688, 1, '2024-02-03 17:30:00', 'da fare', 1, '16:00:00', 1);

-- Gennaio 2023 (almeno 15 ordini)
INSERT INTO ordini (id, id_mensa, data, stato_ordine, id_utente, ora_consegna, pagato)
VALUES
  (6000, 1, '2023-01-01 08:00:00', 'completato', 1, '12:30:00', 1),
  (6001, 1, '2023-01-08 09:15:00', 'completato', 1, '13:00:00', 1),
  (6002, 1, '2023-01-15 10:30:00', 'completato', 1, '13:30:00', 1),
  (6003, 1, '2023-01-22 11:45:00', 'completato', 1, '14:00:00', 1),
  (6004, 1, '2023-01-29 12:00:00', 'completato', 1, '14:30:00', 1),
  (6098, 1, '2023-01-01 08:00:00', 'completato', 1, '12:30:00', 1),
  (6099, 1, '2023-01-08 09:15:00', 'completato', 1, '13:00:00', 1),
  (6100, 1, '2023-01-15 10:30:00', 'completato', 1, '13:30:00', 1),
  (6101, 1, '2023-01-22 11:45:00', 'completato', 1, '14:00:00', 1),
  (6102, 1, '2023-01-29 12:00:00', 'completato', 1, '14:30:00', 1),
  (6103, 1, '2023-01-01 08:00:00', 'completato', 1, '12:30:00', 1),
  (6104, 1, '2023-01-08 09:15:00', 'completato', 1, '13:00:00', 1),
  (6105, 1, '2023-01-15 10:30:00', 'completato', 1, '13:30:00', 1),
  (6106, 1, '2023-01-22 11:45:00', 'completato', 1, '14:00:00', 1),
  (6107, 1, '2023-01-29 12:00:00', 'completato', 1, '14:30:00', 1);

-- Febbraio 2023
INSERT INTO ordini (id, id_mensa, data, stato_ordine, id_utente, ora_consegna, pagato)
VALUES
  (6005, 1, '2023-02-05 13:15:00', 'completato', 1, '12:45:00', 1),
  (6006, 1, '2023-02-12 14:30:00', 'completato', 1, '13:15:00', 1),
  (6007, 1, '2023-02-19 15:45:00', 'completato', 1, '13:45:00', 1),
  (6008, 1, '2023-02-26 16:00:00', 'completato', 1, '14:00:00', 1),
  (6108, 1, '2023-02-05 13:15:00', 'completato', 1, '12:45:00', 1),
  (6109, 1, '2023-02-12 14:30:00', 'completato', 1, '13:15:00', 1),
  (6110, 1, '2023-02-19 15:45:00', 'completato', 1, '13:45:00', 1),
  (6111, 1, '2023-02-26 16:00:00', 'completato', 1, '14:00:00', 1),
  (6112, 1, '2023-02-05 13:15:00', 'completato', 1, '12:45:00', 1),
  (6113, 1, '2023-02-12 14:30:00', 'completato', 1, '13:15:00', 1),
  (6114, 1, '2023-02-19 15:45:00', 'completato', 1, '13:45:00', 1),
  (6115, 1, '2023-02-26 16:00:00', 'completato', 1, '14:00:00', 1),
  (6116, 1, '2023-02-05 13:15:00', 'completato', 1, '12:45:00', 1),
  (6117, 1, '2023-02-12 14:30:00', 'completato', 1, '13:15:00', 1),
  (6118, 1, '2023-02-19 15:45:00', 'completato', 1, '13:45:00', 1),
  (6119, 1, '2023-02-26 16:00:00', 'completato', 1, '14:00:00', 1);

-- Marzo 2023
INSERT INTO ordini (id, id_mensa, data, stato_ordine, id_utente, ora_consegna, pagato)
VALUES
  (6009, 1, '2023-03-05 17:15:00', 'completato', 1, '12:30:00', 1),
  (6010, 1, '2023-03-12 18:30:00', 'completato', 1, '13:00:00', 1),
  (6011, 1, '2023-03-19 19:45:00', 'completato', 1, '13:30:00', 1),
  (6012, 1, '2023-03-26 20:00:00', 'completato', 1, '14:00:00', 1),
  (6120, 1, '2023-03-05 17:15:00', 'completato', 1, '12:30:00', 1),
  (6121, 1, '2023-03-12 18:30:00', 'completato', 1, '13:00:00', 1),
  (6122, 1, '2023-03-19 19:45:00', 'completato', 1, '13:30:00', 1),
  (6123, 1, '2023-03-26 20:00:00', 'completato', 1, '14:00:00', 1),
  (6124, 1, '2023-03-05 17:15:00', 'completato', 1, '12:30:00', 1),
  (6125, 1, '2023-03-12 18:30:00', 'completato', 1, '13:00:00', 1),
  (6126, 1, '2023-03-19 19:45:00', 'completato', 1, '13:30:00', 1),
  (6127, 1, '2023-03-26 20:00:00', 'completato', 1, '14:00:00', 1),
  (6128, 1, '2023-03-05 17:15:00', 'completato', 1, '12:30:00', 1),
  (6129, 1, '2023-03-12 18:30:00', 'completato', 1, '13:00:00', 1),
  (6130, 1, '2023-03-19 19:45:00', 'completato', 1, '13:30:00', 1),
  (6131, 1, '2023-03-26 20:00:00', 'completato', 1, '14:00:00', 1);

-- Aprile 2023
INSERT INTO ordini (id, id_mensa, data, stato_ordine, id_utente, ora_consegna, pagato)
VALUES
  (6013, 1, '2023-04-02 08:00:00', 'completato', 1, '12:45:00', 1),
  (6014, 1, '2023-04-09 09:15:00', 'completato', 1, '13:15:00', 1),
  (6015, 1, '2023-04-16 10:30:00', 'completato', 1, '13:45:00', 1),
  (6016, 1, '2023-04-23 11:45:00', 'completato', 1, '14:00:00', 1),
  (6017, 1, '2023-04-30 12:00:00', 'completato', 1, '14:30:00', 1),
  (6132, 1, '2023-04-02 08:00:00', 'completato', 1, '12:45:00', 1),
  (6133, 1, '2023-04-09 09:15:00', 'completato', 1, '13:15:00', 1),
  (6134, 1, '2023-04-16 10:30:00', 'completato', 1, '13:45:00', 1),
  (6135, 1, '2023-04-23 11:45:00', 'completato', 1, '14:00:00', 1),
  (6136, 1, '2023-04-30 12:00:00', 'completato', 1, '14:30:00', 1),
  (6137, 1, '2023-04-02 08:00:00', 'completato', 1, '12:45:00', 1),
  (6138, 1, '2023-04-09 09:15:00', 'completato', 1, '13:15:00', 1),
  (6139, 1, '2023-04-16 10:30:00', 'completato', 1, '13:45:00', 1),
  (6140, 1, '2023-04-23 11:45:00', 'completato', 1, '14:00:00', 1),
  (6141, 1, '2023-04-30 12:00:00', 'completato', 1, '14:30:00', 1);

-- Maggio 2023
INSERT INTO ordini (id, id_mensa, data, stato_ordine, id_utente, ora_consegna, pagato)
VALUES
  (6018, 1, '2023-05-07 13:15:00', 'completato', 1, '12:45:00', 1),
  (6019, 1, '2023-05-14 14:30:00', 'completato', 1, '13:15:00', 1),
  (6020, 1, '2023-05-21 15:45:00', 'completato', 1, '13:45:00', 1),
  (6021, 1, '2023-05-28 16:00:00', 'completato', 1, '14:00:00', 1),
  (6142, 1, '2023-05-07 13:15:00', 'completato', 1, '12:45:00', 1),
  (6143, 1, '2023-05-14 14:30:00', 'completato', 1, '13:15:00', 1),
  (6144, 1, '2023-05-21 15:45:00', 'completato', 1, '13:45:00', 1),
  (6145, 1, '2023-05-28 16:00:00', 'completato', 1, '14:00:00', 1),
  (6146, 1, '2023-05-07 13:15:00', 'completato', 1, '12:45:00', 1),
  (6147, 1, '2023-05-14 14:30:00', 'completato', 1, '13:15:00', 1),
  (6148, 1, '2023-05-21 15:45:00', 'completato', 1, '13:45:00', 1),
  (6149, 1, '2023-05-28 16:00:00', 'completato', 1, '14:00:00', 1),
  (6150, 1, '2023-05-07 13:15:00', 'completato', 1, '12:45:00', 1),
  (6151, 1, '2023-05-14 14:30:00', 'completato', 1, '13:15:00', 1),
  (6152, 1, '2023-05-21 15:45:00', 'completato', 1, '13:45:00', 1),
  (6153, 1, '2023-05-28 16:00:00', 'completato', 1, '14:00:00', 1);

-- Giugno 2023
INSERT INTO ordini (id, id_mensa, data, stato_ordine, id_utente, ora_consegna, pagato)
VALUES
  (6022, 1, '2023-06-04 17:15:00', 'completato', 1, '12:30:00', 1),
  (6023, 1, '2023-06-11 18:30:00', 'completato', 1, '13:00:00', 1),
  (6024, 1, '2023-06-18 19:45:00', 'completato', 1, '13:30:00', 1),
  (6025, 1, '2023-06-25 20:00:00', 'completato', 1, '14:00:00', 1),
  (6154, 1, '2023-06-04 17:15:00', 'completato', 1, '12:30:00', 1),
  (6155, 1, '2023-06-11 18:30:00', 'completato', 1, '13:00:00', 1),
  (6156, 1, '2023-06-18 19:45:00', 'completato', 1, '13:30:00', 1),
  (6157, 1, '2023-06-25 20:00:00', 'completato', 1, '14:00:00', 1),
  (6158, 1, '2023-06-04 17:15:00', 'completato', 1, '12:30:00', 1),
  (6159, 1, '2023-06-11 18:30:00', 'completato', 1, '13:00:00', 1),
  (6160, 1, '2023-06-18 19:45:00', 'completato', 1, '13:30:00', 1),
  (6161, 1, '2023-06-25 20:00:00', 'completato', 1, '14:00:00', 1),
  (6162, 1, '2023-06-04 17:15:00', 'completato', 1, '12:30:00', 1),
  (6163, 1, '2023-06-11 18:30:00', 'completato', 1, '13:00:00', 1),
  (6164, 1, '2023-06-18 19:45:00', 'completato', 1, '13:30:00', 1),
  (6165, 1, '2023-06-25 20:00:00', 'completato', 1, '14:00:00', 1);

-- Luglio 2023
INSERT INTO ordini (id, id_mensa, data, stato_ordine, id_utente, ora_consegna, pagato)
VALUES
  (6026, 1, '2023-07-02 08:00:00', 'completato', 1, '12:45:00', 1),
  (6027, 1, '2023-07-09 09:15:00', 'completato', 1, '13:15:00', 1),
  (6028, 1, '2023-07-16 10:30:00', 'completato', 1, '13:45:00', 1),
  (6029, 1, '2023-07-23 11:45:00', 'completato', 1, '14:00:00', 1),
  (6030, 1, '2023-07-30 12:00:00', 'completato', 1, '14:30:00', 1),
  (6166, 1, '2023-07-02 08:00:00', 'completato', 1, '12:45:00', 1),
  (6167, 1, '2023-07-09 09:15:00', 'completato', 1, '13:15:00', 1),
  (6168, 1, '2023-07-16 10:30:00', 'completato', 1, '13:45:00', 1),
  (6169, 1, '2023-07-23 11:45:00', 'completato', 1, '14:00:00', 1),
  (6170, 1, '2023-07-30 12:00:00', 'completato', 1, '14:30:00', 1),
  (6171, 1, '2023-07-02 08:00:00', 'completato', 1, '12:45:00', 1),
  (6172, 1, '2023-07-09 09:15:00', 'completato', 1, '13:15:00', 1),
  (6173, 1, '2023-07-16 10:30:00', 'completato', 1, '13:45:00', 1),
  (6174, 1, '2023-07-23 11:45:00', 'completato', 1, '14:00:00', 1),
  (6175, 1, '2023-07-30 12:00:00', 'completato', 1, '14:30:00', 1);

-- Agosto 2023
INSERT INTO ordini (id, id_mensa, data, stato_ordine, id_utente, ora_consegna, pagato)
VALUES
  (6031, 1, '2023-08-06 13:15:00', 'completato', 1, '12:45:00', 1),
  (6032, 1, '2023-08-13 14:30:00', 'completato', 1, '13:15:00', 1),
  (6033, 1, '2023-08-20 15:45:00', 'completato', 1, '13:45:00', 1),
  (6034, 1, '2023-08-27 16:00:00', 'completato', 1, '14:00:00', 1),
  (6176, 1, '2023-08-06 13:15:00', 'completato', 1, '12:45:00', 1),
  (6177, 1, '2023-08-13 14:30:00', 'completato', 1, '13:15:00', 1),
  (6178, 1, '2023-08-20 15:45:00', 'completato', 1, '13:45:00', 1),
  (6179, 1, '2023-08-27 16:00:00', 'completato', 1, '14:00:00', 1),
  (6180, 1, '2023-08-06 13:15:00', 'completato', 1, '12:45:00', 1),
  (6181, 1, '2023-08-13 14:30:00', 'completato', 1, '13:15:00', 1),
  (6182, 1, '2023-08-20 15:45:00', 'completato', 1, '13:45:00', 1),
  (6183, 1, '2023-08-27 16:00:00', 'completato', 1, '14:00:00', 1),
  (6184, 1, '2023-08-06 13:15:00', 'completato', 1, '12:45:00', 1),
  (6185, 1, '2023-08-13 14:30:00', 'completato', 1, '13:15:00', 1),
  (6186, 1, '2023-08-20 15:45:00', 'completato', 1, '13:45:00', 1),
  (6187, 1, '2023-08-27 16:00:00', 'completato', 1, '14:00:00', 1);

-- Settembre 2023
INSERT INTO ordini (id, id_mensa, data, stato_ordine, id_utente, ora_consegna, pagato)
VALUES
  (6035, 1, '2023-09-03 17:15:00', 'completato', 1, '12:30:00', 1),
  (6036, 1, '2023-09-10 18:30:00', 'completato', 1, '13:00:00', 1),
  (6037, 1, '2023-09-17 19:45:00', 'completato', 1, '13:30:00', 1),
  (6038, 1, '2023-09-24 20:00:00', 'completato', 1, '14:00:00', 1),
  (6188, 1, '2023-09-03 17:15:00', 'completato', 1, '12:30:00', 1),
  (6189, 1, '2023-09-10 18:30:00', 'completato', 1, '13:00:00', 1),
  (6190, 1, '2023-09-17 19:45:00', 'completato', 1, '13:30:00', 1),
  (6191, 1, '2023-09-24 20:00:00', 'completato', 1, '14:00:00', 1),
  (6192, 1, '2023-09-03 17:15:00', 'completato', 1, '12:30:00', 1),
  (6193, 1, '2023-09-10 18:30:00', 'completato', 1, '13:00:00', 1),
  (6194, 1, '2023-09-17 19:45:00', 'completato', 1, '13:30:00', 1),
  (6195, 1, '2023-09-24 20:00:00', 'completato', 1, '14:00:00', 1),
  (6196, 1, '2023-09-03 17:15:00', 'completato', 1, '12:30:00', 1),
  (6197, 1, '2023-09-10 18:30:00', 'completato', 1, '13:00:00', 1),
  (6198, 1, '2023-09-17 19:45:00', 'completato', 1, '13:30:00', 1),
  (6199, 1, '2023-09-24 20:00:00', 'completato', 1, '14:00:00', 1);

-- Ottobre 2023
INSERT INTO ordini (id, id_mensa, data, stato_ordine, id_utente, ora_consegna, pagato)
VALUES
  (6039, 1, '2023-10-01 08:00:00', 'completato', 1, '12:45:00', 1),
  (6040, 1, '2023-10-08 09:15:00', 'completato', 1, '13:15:00', 1),
  (6041, 1, '2023-10-15 10:30:00', 'completato', 1, '13:45:00', 1),
  (6042, 1, '2023-10-22 11:45:00', 'completato', 1, '14:00:00', 1),
  (6043, 1, '2023-10-29 12:00:00', 'completato', 1, '14:30:00', 1),
  (6200, 1, '2023-10-01 08:00:00', 'completato', 1, '12:45:00', 1),
  (6201, 1, '2023-10-08 09:15:00', 'completato', 1, '13:15:00', 1),
  (6202, 1, '2023-10-15 10:30:00', 'completato', 1, '13:45:00', 1),
  (6203, 1, '2023-10-22 11:45:00', 'completato', 1, '14:00:00', 1),
  (6204, 1, '2023-10-29 12:00:00', 'completato', 1, '14:30:00', 1),
  (6205, 1, '2023-10-01 08:00:00', 'completato', 1, '12:45:00', 1),
  (6206, 1, '2023-10-08 09:15:00', 'completato', 1, '13:15:00', 1),
  (6207, 1, '2023-10-15 10:30:00', 'completato', 1, '13:45:00', 1),
  (6208, 1, '2023-10-22 11:45:00', 'completato', 1, '14:00:00', 1),
  (6209, 1, '2023-10-29 12:00:00', 'completato', 1, '14:30:00', 1);

-- Novembre 2023
INSERT INTO ordini (id, id_mensa, data, stato_ordine, id_utente, ora_consegna, pagato)
VALUES
  (6044, 1, '2023-11-05 13:15:00', 'completato', 1, '12:45:00', 1),
  (6045, 1, '2023-11-12 14:30:00', 'completato', 1, '13:15:00', 1),
  (6046, 1, '2023-11-19 15:45:00', 'completato', 1, '13:45:00', 1),
  (6047, 1, '2023-11-26 16:00:00', 'completato', 1, '14:00:00', 1),
  (6210, 1, '2023-11-05 13:15:00', 'completato', 1, '12:45:00', 1),
  (6211, 1, '2023-11-12 14:30:00', 'completato', 1, '13:15:00', 1),
  (6212, 1, '2023-11-19 15:45:00', 'completato', 1, '13:45:00', 1),
  (6213, 1, '2023-11-26 16:00:00', 'completato', 1, '14:00:00', 1),
  (6214, 1, '2023-11-05 13:15:00', 'completato', 1, '12:45:00', 1),
  (6215, 1, '2023-11-12 14:30:00', 'completato', 1, '13:15:00', 1),
  (6216, 1, '2023-11-19 15:45:00', 'completato', 1, '13:45:00', 1),
  (6217, 1, '2023-11-26 16:00:00', 'completato', 1, '14:00:00', 1),
  (6218, 1, '2023-11-05 13:15:00', 'completato', 1, '12:45:00', 1),
  (6219, 1, '2023-11-12 14:30:00', 'completato', 1, '13:15:00', 1),
  (6220, 1, '2023-11-19 15:45:00', 'completato', 1, '13:45:00', 1),
  (6221, 1, '2023-11-26 16:00:00', 'completato', 1, '14:00:00', 1);

-- Dicembre 2023
INSERT INTO ordini (id, id_mensa, data, stato_ordine, id_utente, ora_consegna, pagato)
VALUES
  (6048, 1, '2023-12-03 17:15:00', 'completato', 1, '12:30:00', 1),
  (6049, 1, '2023-12-10 18:30:00', 'completato', 1, '13:00:00', 1),
  (6050, 1, '2023-12-17 19:45:00', 'completato', 1, '13:30:00', 1),
  (6051, 1, '2023-12-24 20:00:00', 'completato', 1, '14:00:00', 1),
  (6052, 1, '2023-12-31 12:00:00', 'completato', 1, '14:30:00', 1),
  (6222, 1, '2023-12-03 17:15:00', 'completato', 1, '12:30:00', 1),
  (6223, 1, '2023-12-10 18:30:00', 'completato', 1, '13:00:00', 1),
  (6224, 1, '2023-12-17 19:45:00', 'completato', 1, '13:30:00', 1),
  (6225, 1, '2023-12-24 20:00:00', 'completato', 1, '14:00:00', 1),
  (6226, 1, '2023-12-31 12:00:00', 'completato', 1, '14:30:00', 1),
  (6227, 1, '2023-12-03 17:15:00', 'completato', 1, '12:30:00', 1),
  (6228, 1, '2023-12-10 18:30:00', 'completato', 1, '13:00:00', 1),
  (6229, 1, '2023-12-17 19:45:00', 'completato', 1, '13:30:00', 1),
  (6230, 1, '2023-12-24 20:00:00', 'completato', 1, '14:00:00', 1),
  (6231, 1, '2023-12-31 12:00:00', 'completato', 1, '14:30:00', 1);

-- Gennaio 2024 
INSERT INTO ordini (id, id_mensa, data, stato_ordine, id_utente, ora_consegna, pagato)
VALUES
  (6053, 1, '2024-01-07 13:15:00', 'completato', 1, '12:45:00', 1),
  (6054, 1, '2024-01-14 14:30:00', 'completato', 1, '13:15:00', 1),
  (6055, 1, '2024-01-21 15:45:00', 'completato', 1, '13:45:00', 1),
  (6056, 1, '2024-01-28 16:00:00', 'completato', 1, '14:00:00', 1),
  (6232, 1, '2024-01-07 13:15:00', 'completato', 1, '12:45:00', 1),
  (6233, 1, '2024-01-14 14:30:00', 'completato', 1, '13:15:00', 1),
  (6234, 1, '2024-01-21 15:45:00', 'completato', 1, '13:45:00', 1),
  (6235, 1, '2024-01-28 16:00:00', 'completato', 1, '14:00:00', 1),
  (6236, 1, '2024-01-07 13:15:00', 'completato', 1, '12:45:00', 1),
  (6237, 1, '2024-01-14 14:30:00', 'completato', 1, '13:15:00', 1),
  (6238, 1, '2024-01-21 15:45:00', 'completato', 1, '13:45:00', 1),
  (6239, 1, '2024-01-28 16:00:00', 'completato', 1, '14:00:00', 1),
  (6240, 1, '2024-01-07 13:15:00', 'completato', 1, '12:45:00', 1),
  (6241, 1, '2024-01-14 14:30:00', 'completato', 1, '13:15:00', 1),
  (6242, 1, '2024-01-21 15:45:00', 'completato', 1, '13:45:00', 1),
  (6243, 1, '2024-01-28 16:00:00', 'completato', 1, '14:00:00', 1);

-- Febbraio 2024
INSERT INTO ordini (id, id_mensa, data, stato_ordine, id_utente, ora_consegna, pagato)
VALUES
  (6057, 1, '2024-02-04 17:15:00', 'completato', 1, '12:30:00', 1),
  (6058, 1, '2024-02-11 18:30:00', 'completato', 1, '13:00:00', 1),
  (6059, 1, '2024-02-18 19:45:00', 'completato', 1, '13:30:00', 1),
  (6060, 1, '2024-02-25 20:00:00', 'completato', 1, '14:00:00', 1),
  (6244, 1, '2024-02-04 17:15:00', 'completato', 1, '12:30:00', 1),
  (6245, 1, '2024-02-11 18:30:00', 'completato', 1, '13:00:00', 1),
  (6246, 1, '2024-02-18 19:45:00', 'completato', 1, '13:30:00', 1),
  (6247, 1, '2024-02-25 20:00:00', 'completato', 1, '14:00:00', 1),
  (6248, 1, '2024-02-04 17:15:00', 'completato', 1, '12:30:00', 1),
  (6249, 1, '2024-02-11 18:30:00', 'completato', 1, '13:00:00', 1),
  (6250, 1, '2024-02-18 19:45:00', 'completato', 1, '13:30:00', 1),
  (6251, 1, '2024-02-25 20:00:00', 'completato', 1, '14:00:00', 1),
  (6252, 1, '2024-02-04 17:15:00', 'completato', 1, '12:30:00', 1),
  (6253, 1, '2024-02-11 18:30:00', 'completato', 1, '13:00:00', 1),
  (6254, 1, '2024-02-18 19:45:00', 'completato', 1, '13:30:00', 1),
  (6255, 1, '2024-02-25 20:00:00', 'completato', 1, '14:00:00', 1);

-- Marzo 2024
INSERT INTO ordini (id, id_mensa, data, stato_ordine, id_utente, ora_consegna, pagato)
VALUES
  (6061, 1, '2024-03-03 08:00:00', 'completato', 1, '12:45:00', 1),
  (6062, 1, '2024-03-10 09:15:00', 'completato', 1, '13:15:00', 1),
  (6063, 1, '2024-03-17 10:30:00', 'completato', 1, '13:45:00', 1),
  (6064, 1, '2024-03-24 11:45:00', 'completato', 1, '14:00:00', 1),
  (6065, 1, '2024-03-31 12:00:00', 'completato', 1, '14:30:00', 1),
  (6256, 1, '2024-03-03 08:00:00', 'completato', 1, '12:45:00', 1),
  (6257, 1, '2024-03-10 09:15:00', 'completato', 1, '13:15:00', 1),
  (6258, 1, '2024-03-17 10:30:00', 'completato', 1, '13:45:00', 1),
  (6259, 1, '2024-03-24 11:45:00', 'completato', 1, '14:00:00', 1),
  (6260, 1, '2024-03-31 12:00:00', 'completato', 1, '14:30:00', 1),
  (6261, 1, '2024-03-03 08:00:00', 'completato', 1, '12:45:00', 1),
  (6262, 1, '2024-03-10 09:15:00', 'completato', 1, '13:15:00', 1),
  (6263, 1, '2024-03-17 10:30:00', 'completato', 1, '13:45:00', 1),
  (6264, 1, '2024-03-24 11:45:00', 'completato', 1, '14:00:00', 1),
  (6265, 1, '2024-03-31 12:00:00', 'completato', 1, '14:30:00', 1);

-- Aprile 2024
INSERT INTO ordini (id, id_mensa, data, stato_ordine, id_utente, ora_consegna, pagato)
VALUES
  (6066, 1, '2024-04-07 13:15:00', 'completato', 1, '12:45:00', 1),
  (6067, 1, '2024-04-14 14:30:00', 'completato', 1, '13:15:00', 1),
  (6068, 1, '2024-04-21 15:45:00', 'completato', 1, '13:45:00', 1),
  (6069, 1, '2024-04-28 16:00:00', 'completato', 1, '14:00:00', 1),
  (6266, 1, '2024-04-07 13:15:00', 'completato', 1, '12:45:00', 1),
  (6267, 1, '2024-04-14 14:30:00', 'completato', 1, '13:15:00', 1),
  (6268, 1, '2024-04-21 15:45:00', 'completato', 1, '13:45:00', 1),
  (6269, 1, '2024-04-28 16:00:00', 'completato', 1, '14:00:00', 1),
  (6270, 1, '2024-04-07 13:15:00', 'completato', 1, '12:45:00', 1),
  (6271, 1, '2024-04-14 14:30:00', 'completato', 1, '13:15:00', 1),
  (6272, 1, '2024-04-21 15:45:00', 'completato', 1, '13:45:00', 1),
  (6273, 1, '2024-04-28 16:00:00', 'completato', 1, '14:00:00', 1),
  (6274, 1, '2024-04-07 13:15:00', 'completato', 1, '12:45:00', 1),
  (6275, 1, '2024-04-14 14:30:00', 'completato', 1, '13:15:00', 1),
  (6276, 1, '2024-04-21 15:45:00', 'completato', 1, '13:45:00', 1),
  (6277, 1, '2024-04-28 16:00:00', 'completato', 1, '14:00:00', 1);

-- Maggio 2024
INSERT INTO ordini (id, id_mensa, data, stato_ordine, id_utente, ora_consegna, pagato)
VALUES
  (6070, 1, '2024-05-05 17:15:00', 'completato', 1, '12:30:00', 1),
  (6071, 1, '2024-05-12 18:30:00', 'completato', 1, '13:00:00', 1),
  (6072, 1, '2024-05-19 19:45:00', 'completato', 1, '13:30:00', 1),
  (6073, 1, '2024-05-26 20:00:00', 'completato', 1, '14:00:00', 1),
  (6278, 1, '2024-05-05 17:15:00', 'completato', 1, '12:30:00', 1),
  (6279, 1, '2024-05-12 18:30:00', 'completato', 1, '13:00:00', 1),
  (6280, 1, '2024-05-19 19:45:00', 'completato', 1, '13:30:00', 1),
  (6281, 1, '2024-05-26 20:00:00', 'completato', 1, '14:00:00', 1),
  (6282, 1, '2024-05-05 17:15:00', 'completato', 1, '12:30:00', 1),
  (6283, 1, '2024-05-20 18:30:00', 'completato', 1, '13:00:00', 1),
  (6284, 1, '2024-05-21 19:45:00', 'completato', 1, '13:30:00', 1),
  (6285, 1, '2024-05-22 20:00:00', 'completato', 1, '14:00:00', 1),
  (6286, 1, '2024-05-23 17:15:00', 'completato', 1, '12:30:00', 1),
  (6287, 1, '2024-05-24 18:30:00', 'completato', 1, '13:00:00', 1),
  (6288, 1, '2024-05-25 19:45:00', 'completato', 1, '13:30:00', 1),
  (6289, 1, '2024-05-26 20:00:00', 'completato', 1, '14:00:00', 1);

-- Giugno 2024
INSERT INTO ordini (id, id_mensa, data, stato_ordine, id_utente, ora_consegna, pagato)
VALUES
  (6290, 1, '2024-06-02 08:00:00', 'completato', 1, '12:45:00', 1);


-- Un ordine ogni ora di oggi, dalle 00:00 alle 23:00
INSERT INTO ordini (id, id_mensa, data, stato_ordine, id_utente, ora_consegna, pagato)
VALUES
  (6085, 1, '2024-06-04 11:00:00', 'completato', 1, '11:00:00', 1),
  (6086, 1, '2024-06-04 12:00:00', 'completato', 1, '12:00:00', 1),
  (6087, 1, '2024-06-04 13:00:00', 'completato', 1, '13:00:00', 1),
  (6088, 1, '2024-06-04 14:00:00', 'completato', 1, '14:00:00', 1),
  (6089, 1, '2024-06-04 15:00:00', 'completato', 1, '15:00:00', 1),
  (6092, 1, '2024-06-04 18:00:00', 'completato', 1, '18:00:00', 1),
  (6093, 1, '2024-06-04 19:00:00', 'completato', 1, '19:00:00', 1),
  (6094, 1, '2024-06-04 20:00:00', 'completato', 1, '20:00:00', 1),
  (6095, 1, '2024-06-04 21:00:00', 'completato', 1, '21:00:00', 1),
  (6096, 1, '2024-06-04 22:00:00', 'completato', 1, '22:00:00', 1);



CREATE TABLE `prodotti` (
  `id` int(11) AUTO_INCREMENT PRIMARY KEY,
  `nome` varchar(100) NOT NULL,
  `descrizione` text NOT NULL,
  `allergeni` varchar(255) NOT NULL,
  `prezzo` decimal(10, 2) NOT NULL,
  `categoria` varchar(50) NOT NULL,
  `indirizzo_img` varchar(255) NOT NULL,
  `disponibile` tinyint(1) NOT NULL,
  `nacq` int(11) NOT NULL,
  `id_mensa` int(11)
);

ALTER TABLE
  `prodotti`
ADD
  CONSTRAINT `prodotti_ibfk_1` FOREIGN KEY (`id_mensa`) REFERENCES `mense` (`id`)
  ON DELETE CASCADE ON UPDATE CASCADE;

  INSERT INTO
  `prodotti` (
    `id`,
    `nome`,
    `descrizione`,
    `allergeni`,
    `prezzo`,
    `categoria`,
    `indirizzo_img`,
    `disponibile`,
    `nacq`,
    `id_mensa`
  )
VALUES
  (
    1,
    'Panino con la mortadella',
    'Panino con fette di mortadella artigianale e pane al sesamo, perfetto per una pausa pranzo.',
    'glutine, sesamo',
    4.50,
    'secondo',
    'products/1.webp',
    1,
    7,
    1
  ),
  (
    2,
    'Carbonara',
    'Spaghetti con salsa di uova, pecorino e guanciale croccante, un classico della cucina romana.',
    'uova, latticini, glutine',
    8.90,
    'primo',
    'products/2.webp',
    1,
    14,
    1
  ),
  (
    3,
    'Cotoletta con le patatine',
    'Cotoletta di pollo impanata e fritta, servita con patatine fritte dorate.',
    'uova, glutine, latticini, soia, sesamo',
    11.20,
    'secondo',
    'products/3.webp',
    1,
    8,
    1
  ),
  (
    4,
    'Spaghetti all\'arrabbiata',
    'Spaghetti conditi con salsa di pomodoro piccante, aglio e peperoncino.',
    'glutine, aglio, peperoncino',
    8.90,
    'primo',
    'products/4.webp',
    1,
    6,
    1
  ),
  (
    5,
    'Panna cotta',
    'Dolce al cucchiaio di panna fresca con caramello e granella di nocciole.',
    'latticini, uova, gelatina, frutta a guscio',
    4.50,
    'dolce',
    'products/5.webp',
    1,
    11,
    1
  ),
  (
    6,
    'Insalata',
    'Insalata mista con salsa yogurt, aceto balsamico, noci, soia e sedano croccante.',
    'glutine, latticini, noci, soia, sedano, uova',
    7.30,
    'contorno',
    'products/6.webp',
    1,
    15,
    1
  ),
  (
    7,
    'Tartare di manzo',
    'Carne di manzo di alta qualità condita con spezie, cipolla e senape.',
    'glutine, uova, senape, cipolla, latticini',
    6.40,
    'antipasto',
    'products/7.webp',
    1,
    10,
    1
  );


CREATE TABLE `prodotti_ordini` (
  `id_prodotto` int(11) NOT NULL,
  `id_ordine` int(11) NOT NULL,
  `quantita` int(11) NOT NULL,
  primary key(`id_prodotto`,`id_ordine`)
);


ALTER TABLE
  `prodotti_ordini`
ADD
  CONSTRAINT `prodotti_ordini_ibfk_1` FOREIGN KEY (`id_prodotto`) REFERENCES `prodotti` (`id`) ON DELETE CASCADE,
ADD
  CONSTRAINT `prodotti_ordini_ibfk_2` FOREIGN KEY (`id_ordine`) REFERENCES `ordini` (`id`) ON DELETE CASCADE;


INSERT INTO prodotti_ordini (id_prodotto, id_ordine, quantita)
VALUES
  (1, 5679, 2),
  (2, 5679, 1),
  (5, 5679, 1),
  (6, 5679, 2),
  (7, 5679, 1),
  (1, 5680, 1),
  (3, 5680, 4),
  (5, 5680, 3),
  (6, 5680, 1),
  (7, 5680, 1),
  (1, 5681, 2),
  (2, 5681, 6),
  (3, 5681, 1),
  (4, 5681, 1),
  (5, 5681, 1),
  (6, 5681, 2),
  (7, 5681, 1),
  (1, 5682, 1),
  (2, 5682, 1),
  (6, 5682, 1),
  (7, 5682, 3),
  (1, 5683, 3),
  (2, 5683, 1),
  (3, 5683, 1),
  (4, 5683, 2),
  (5, 5683, 1),
  (6, 5683, 1),
  (7, 5683, 1),
  (1, 5684, 1),
  (2, 5684, 1),
  (4, 5684, 1),
  (5, 5684, 4),
  (6, 5684, 1),
  (7, 5684, 1),
  (1, 5685, 5),
  (2, 5685, 1),
  (3, 5685, 1),
  (6, 5685, 1),
  (7, 5685, 1),
  (1, 5686, 1),
  (2, 5686, 1),
  (3, 5686, 1),
  (4, 5686, 1),
  (3, 5687, 1),
  (4, 5687, 6),
  (5, 5687, 1),
  (6, 5687, 1),
  (7, 5687, 1),
  (1, 5688, 1),
  (2, 5688, 1),
  (3, 5688, 1),
  (7, 5688, 1);

  -- Gennaio 2023
INSERT INTO prodotti_ordini (id_prodotto, id_ordine, quantita)
VALUES
  (1, 6000, 2),
  (2, 6000, 1),
  (5, 6000, 1),
  (6, 6000, 2),
  (7, 6000, 1),
  (1, 6001, 1),
  (3, 6001, 4),
  (5, 6001, 3),
  (6, 6001, 1),
  (7, 6001, 1),
  (1, 6002, 2),
  (2, 6002, 6),
  (3, 6002, 1),
  (4, 6002, 1),
  (5, 6002, 1),
  (6, 6002, 2),
  (7, 6002, 1),
  (1, 6003, 1),
  (2, 6003, 1),
  (6, 6003, 1),
  (7, 6003, 3),
  (1, 6004, 3),
  (2, 6004, 1),
  (3, 6004, 1),
  (4, 6004, 2),
  (5, 6004, 1),
  (6, 6004, 1),
  (7, 6004, 1),
  (1, 6098, 1),
  (2, 6098, 1),
  (3, 6098, 1),
  (4, 6098, 1),
  (5, 6098, 1),
  (6, 6098, 1),
  (7, 6098, 1),
  (1, 6099, 1),
  (2, 6099, 1),
  (3, 6099, 1),
  (4, 6099, 1),
  (5, 6099, 1),
  (6, 6099, 1),
  (7, 6099, 1),
  (1, 6100, 1),
  (2, 6100, 1),
  (3, 6100, 1),
  (4, 6100, 1),
  (5, 6100, 1),
  (6, 6100, 1),
  (7, 6100, 1),
  (1, 6101, 1),
  (2, 6101, 1),
  (3, 6101, 1),
  (4, 6101, 1),
  (5, 6101, 1),
  (6, 6101, 1),
  (7, 6101, 1),
  (1, 6102, 1),
  (2, 6102, 1),
  (3, 6102, 1),
  (4, 6102, 1),
  (5, 6102, 1),
  (6, 6102, 1),
  (7, 6102, 1),
  (1, 6103, 1),
  (2, 6103, 1),
  (3, 6103, 1),
  (4, 6103, 1),
  (5, 6103, 1),
  (6, 6103, 1),
  (7, 6103, 1),
  (1, 6104, 1),
  (2, 6104, 1),
  (3, 6104, 1),
  (4, 6104, 1),
  (5, 6104, 1),
  (6, 6104, 1),
  (7, 6104, 1),
  (1, 6105, 1),
  (2, 6105, 1),
  (3, 6105, 1),
  (4, 6105, 1),
  (5, 6105, 1),
  (6, 6105, 1),
  (7, 6105, 1),
  (1, 6106, 1),
  (2, 6106, 1),
  (3, 6106, 1),
  (4, 6106, 1),
  (5, 6106, 1),
  (6, 6106, 1),
  (7, 6106, 1),
  (1, 6107, 1),
  (2, 6107, 1),
  (3, 6107, 1),
  (4, 6107, 1),
  (5, 6107, 1),
  (6, 6107, 1),
  (7, 6107, 1);

  -- Febbraio 2023
INSERT INTO prodotti_ordini (id_prodotto, id_ordine, quantita)
VALUES
  (1, 6005, 2),
  (2, 6005, 1),
  (5, 6005, 1),
  (6, 6005, 2),
  (7, 6005, 1),
  (1, 6006, 1),
  (3, 6006, 4),
  (5, 6006, 3),
  (6, 6006, 1),
  (7, 6006, 1),
  (1, 6007, 2),
  (2, 6007, 6),
  (3, 6007, 1),
  (4, 6007, 1),
  (5, 6007, 1),
  (6, 6007, 2),
  (7, 6007, 1),
  (1, 6008, 1),
  (2, 6008, 1),
  (6, 6008, 1),
  (7, 6008, 3),
  (1, 6108, 1),
  (2, 6108, 1),
  (3, 6108, 1),
  (4, 6108, 1),
  (5, 6108, 1),
  (6, 6108, 1),
  (3, 6109, 1),
  (4, 6109, 1),
  (5, 6109, 1),
  (6, 6109, 1),
  (7, 6109, 1),
  (1, 6110, 1),
  (2, 6110, 1),
  (3, 6110, 1),
  (4, 6110, 1),
  (5, 6110, 1),
  (6, 6110, 1),
  (7, 6110, 1),
  (1, 6111, 1),
  (2, 6111, 1),
  (3, 6111, 1),
  (7, 6111, 1),
  (1, 6112, 1),
  (2, 6112, 1),
  (3, 6112, 1),
  (4, 6112, 1),
  (5, 6112, 1),
  (6, 6112, 1),
  (3, 6113, 1),
  (4, 6113, 1),
  (5, 6113, 1),
  (6, 6113, 1),
  (7, 6113, 1),
  (1, 6114, 1),
  (2, 6114, 1),
  (3, 6114, 1),
  (4, 6114, 1),
  (5, 6114, 1),
  (6, 6114, 1),
  (7, 6114, 1),
  (1, 6115, 1),
  (2, 6115, 1),
  (3, 6115, 1),
  (4, 6115, 1),
  (5, 6115, 1),
  (6, 6115, 1),
  (7, 6115, 1),
  (1, 6116, 1),
  (2, 6116, 1),
  (3, 6116, 1),
  (4, 6116, 1),
  (5, 6116, 1),
  (6, 6116, 1),
  (7, 6116, 1),
  (1, 6117, 1),
  (2, 6117, 1),
  (3, 6117, 1),
  (4, 6117, 1),
  (1, 6118, 1),
  (2, 6118, 1),
  (3, 6118, 1),
  (4, 6118, 1),
  (1, 6119, 1),
  (2, 6119, 1),
  (3, 6119, 1),
  (4, 6119, 1),
  (5, 6119, 1),
  (6, 6119, 1),
  (7, 6119, 1);

  -- Marzo 2023
INSERT INTO prodotti_ordini (id_prodotto, id_ordine, quantita)
VALUES
  (1, 6009, 2),
  (2, 6009, 1),
  (7, 6009, 1),
  (1, 6010, 1),
  (3, 6010, 4),
  (5, 6010, 3),
  (6, 6010, 1),
  (7, 6010, 1),
  (1, 6011, 2),
  (4, 6011, 1),
  (5, 6011, 1),
  (6, 6011, 2),
  (7, 6011, 1),
  (1, 6012, 1),
  (2, 6012, 1),
  (6, 6012, 1),
  (7, 6012, 3),
  (1, 6120, 1),
  (2, 6120, 1),
  (3, 6120, 1),
  (4, 6120, 1),
  (5, 6120, 1),
  (6, 6120, 1),
  (7, 6120, 1),
  (1, 6121, 1),
  (2, 6121, 1),
  (3, 6121, 1),
  (4, 6121, 1),
  (5, 6121, 1),
  (6, 6121, 1),
  (7, 6121, 1),
  (1, 6122, 1),
  (2, 6122, 1),
  (3, 6122, 1),
  (4, 6122, 1),
  (1, 6123, 1),
  (2, 6123, 1),
  (3, 6123, 1),
  (4, 6123, 1),
  (5, 6123, 1),
  (6, 6123, 1),
  (7, 6123, 1),
  (1, 6124, 1),
  (2, 6124, 1),
  (3, 6124, 1),
  (4, 6124, 1),
  (5, 6124, 1),
  (6, 6124, 1),
  (2, 6125, 1),
  (3, 6125, 1),
  (4, 6125, 1),
  (5, 6125, 1),
  (6, 6125, 1),
  (7, 6125, 1),
  (1, 6126, 1),
  (2, 6126, 1),
  (3, 6126, 1),
  (4, 6126, 1),
  (5, 6126, 1),
  (6, 6126, 1),
  (7, 6126, 1),
  (1, 6127, 1),
  (2, 6127, 1),
  (3, 6127, 1),
  (4, 6127, 1),
  (5, 6127, 1),
  (7, 6127, 1),
  (1, 6128, 1),
  (2, 6128, 1),
  (3, 6128, 1),
  (4, 6128, 1),
  (5, 6128, 1),
  (6, 6128, 1),
  (7, 6128, 1),
  (1, 6129, 1),
  (2, 6129, 1),
  (3, 6129, 1),
  (4, 6129, 1),
  (7, 6129, 1),
  (1, 6130, 1),
  (2, 6130, 1),
  (3, 6130, 1),
  (4, 6130, 1),
  (5, 6130, 1),
  (6, 6130, 1),
  (7, 6130, 1),
  (1, 6131, 1),
  (2, 6131, 1),
  (3, 6131, 1),
  (4, 6131, 1),
  (5, 6131, 1),
  (6, 6131, 1),
  (7, 6131, 1);

  -- Aprile 2023
INSERT INTO prodotti_ordini (id_prodotto, id_ordine, quantita)
VALUES
  (1, 6013, 2),
  (2, 6013, 1),
  (5, 6013, 1),
  (6, 6013, 2),
  (7, 6013, 1),
  (1, 6014, 1),
  (3, 6014, 4),
  (5, 6014, 3),
  (6, 6014, 1),
  (7, 6014, 1),
  (1, 6015, 2),
  (2, 6015, 6),
  (3, 6015, 1),
  (4, 6015, 1),
  (5, 6015, 1),
  (6, 6015, 2),
  (7, 6015, 1),
  (1, 6016, 1),
  (2, 6016, 1),
  (6, 6016, 1),
  (7, 6016, 3),
  (1, 6017, 3),
  (2, 6017, 1),
  (3, 6017, 1),
  (4, 6017, 2),
  (5, 6017, 1),
  (6, 6017, 1),
  (7, 6017, 1),
  (1, 6132, 1),
  (2, 6132, 1),
  (3, 6132, 1),
  (4, 6132, 1),
  (5, 6132, 1),
  (6, 6132, 1),
  (7, 6132, 1),
  (1, 6133, 1),
  (2, 6133, 1),
  (3, 6133, 1),
  (4, 6133, 1),
  (5, 6133, 1),
  (6, 6133, 1),
  (7, 6133, 1),
  (1, 6134, 1),
  (2, 6134, 1),
  (3, 6134, 1),
  (4, 6134, 1),
  (5, 6134, 1),
  (6, 6134, 1),
  (7, 6134, 1),
  (1, 6135, 1),
  (2, 6135, 1),
  (3, 6135, 1),
  (4, 6135, 1),
  (5, 6135, 1),
  (6, 6135, 1),
  (7, 6135, 1),
  (1, 6136, 1),
  (2, 6136, 1),
  (3, 6136, 1),
  (4, 6136, 1),
  (5, 6136, 1),
  (6, 6136, 1),
  (7, 6136, 1),
  (1, 6137, 1),
  (2, 6137, 1),
  (3, 6137, 1),
  (4, 6137, 1),
  (5, 6137, 2),
  (6, 6137, 5),
  (7, 6137, 1),
  (1, 6138, 1),
  (2, 6138, 3),
  (3, 6138, 5),
  (4, 6138, 1),
  (5, 6138, 1),
  (6, 6138, 1),
  (7, 6138, 1),
  (1, 6139, 5),
  (2, 6139, 1),
  (3, 6139, 1),
  (4, 6139, 1),
  (5, 6139, 1),
  (6, 6139, 1),
  (7, 6139, 1),
  (1, 6140, 2),
  (2, 6140, 1),
  (3, 6140, 1),
  (4, 6140, 1),
  (5, 6140, 1),
  (6, 6140, 1),
  (7, 6140, 1),
  (1, 6141, 1),
  (2, 6141, 1),
  (3, 6141, 1),
  (4, 6141, 1),
  (5, 6141, 1),
  (6, 6141, 1),
  (7, 6141, 1);

  -- Maggio 2023
INSERT INTO prodotti_ordini (id_prodotto, id_ordine, quantita)
VALUES
  (1, 6018, 2),
  (2, 6018, 1),
  (5, 6018, 1),
  (6, 6018, 2),
  (7, 6018, 1),
  (1, 6019, 1),
  (3, 6019, 4),
  (5, 6019, 3),
  (6, 6019, 1),
  (7, 6019, 1),
  (1, 6020, 2),
  (2, 6020, 6),
  (3, 6020, 1),
  (4, 6020, 1),
  (5, 6020, 1),
  (6, 6020, 2),
  (7, 6020, 1),
  (1, 6021, 1),
  (2, 6021, 1),
  (6, 6021, 1),
  (7, 6021, 3),
  (1, 6142, 1),
  (2, 6142, 1),
  (3, 6142, 1),
  (4, 6142, 1),
  (5, 6142, 1),
  (6, 6142, 1),
  (7, 6142, 1),
  (1, 6143, 1),
  (2, 6143, 1),
  (3, 6143, 1),
  (4, 6143, 1),
  (5, 6143, 1),
  (6, 6143, 1),
  (7, 6143, 1),
  (1, 6144, 1),
  (2, 6144, 1),
  (3, 6144, 1),
  (4, 6144, 1),
  (5, 6144, 1),
  (6, 6144, 1),
  (7, 6144, 1),
  (1, 6145, 1),
  (2, 6145, 1),
  (3, 6145, 1),
  (4, 6145, 1),
  (5, 6145, 1),
  (6, 6145, 1),
  (7, 6145, 1),
  (1, 6146, 1),
  (2, 6146, 1),
  (3, 6146, 1),
  (4, 6146, 1),
  (5, 6146, 1),
  (6, 6146, 1),
  (7, 6146, 1),
  (1, 6147, 1),
  (2, 6147, 1),
  (3, 6147, 1),
  (4, 6147, 1),
  (5, 6147, 1),
  (6, 6147, 4),
  (7, 6147, 1),
  (1, 6148, 1),
  (2, 6148, 1),
  (3, 6148, 1),
  (4, 6148, 1),
  (5, 6148, 1),
  (6, 6148, 1),
  (7, 6148, 1),
  (1, 6149, 1),
  (2, 6149, 1),
  (3, 6149, 1),
  (4, 6149, 1),
  (5, 6149, 1),
  (6, 6149, 1),
  (7, 6149, 1),
  (1, 6150, 1),
  (2, 6150, 1),
  (3, 6150, 1),
  (4, 6150, 1),
  (5, 6150, 1),
  (6, 6150, 1),
  (7, 6150, 1),
  (1, 6151, 1),
  (2, 6151, 1),
  (3, 6151, 1),
  (4, 6151, 2),
  (5, 6151, 1),
  (6, 6151, 1),
  (7, 6151, 1),
  (1, 6152, 1),
  (2, 6152, 1),
  (3, 6152, 1),
  (4, 6152, 1),
  (5, 6152, 1),
  (6, 6152, 1),
  (7, 6152, 1),
  (1, 6153, 1),
  (2, 6153, 1),
  (3, 6153, 1),
  (5, 6153, 1),
  (6, 6153, 1),
  (7, 6153, 1);


  -- Giugno 2023
INSERT INTO prodotti_ordini (id_prodotto, id_ordine, quantita)
VALUES
  (1, 6022, 2),
  (2, 6022, 1),
  (5, 6022, 1),
  (6, 6022, 2),
  (7, 6022, 1),
  (1, 6023, 1),
  (3, 6023, 4),
  (5, 6023, 3),
  (6, 6023, 1),
  (7, 6023, 1),
  (1, 6024, 2),
  (2, 6024, 6),
  (3, 6024, 1),
  (4, 6024, 1),
  (5, 6024, 1),
  (6, 6024, 2),
  (7, 6024, 1),
  (1, 6025, 1),
  (2, 6025, 1),
  (6, 6025, 1),
  (7, 6025, 3),
  (1, 6154, 1),
  (2, 6154, 1),
  (3, 6154, 1),
  (4, 6154, 1),
  (5, 6154, 1),
  (6, 6154, 1),
  (7, 6154, 1),
  (1, 6155, 1),
  (2, 6155, 1),
  (3, 6155, 1),
  (4, 6155, 1),
  (5, 6155, 1),
  (6, 6155, 1),
  (7, 6155, 1),
  (1, 6156, 1),
  (2, 6156, 1),
  (3, 6156, 1),
  (4, 6156, 1),
  (5, 6156, 1),
  (6, 6156, 1),
  (7, 6156, 1),
  (1, 6157, 1),
  (2, 6157, 1),
  (3, 6157, 1),
  (4, 6157, 1),
  (5, 6157, 1),
  (6, 6157, 1),
  (7, 6157, 1),
  (1, 6158, 1),
  (2, 6158, 1),
  (3, 6158, 1),
  (4, 6158, 1),
  (5, 6158, 1),
  (6, 6158, 1),
  (7, 6158, 1),
  (1, 6159, 1),
  (2, 6159, 1),
  (3, 6159, 1),
  (4, 6159, 1),
  (5, 6159, 1),
  (6, 6159, 1),
  (7, 6159, 1),
  (1, 6160, 1),
  (2, 6160, 1),
  (3, 6160, 1),
  (4, 6160, 1),
  (5, 6160, 1),
  (6, 6160, 1),
  (7, 6160, 1),
  (1, 6161, 1),
  (2, 6161, 1),
  (3, 6161, 1),
  (4, 6161, 1),
  (5, 6161, 1),
  (6, 6161, 1),
  (7, 6161, 1),
  (1, 6162, 1),
  (2, 6162, 1),
  (3, 6162, 1),
  (4, 6162, 1),
  (5, 6162, 1),
  (6, 6162, 1),
  (7, 6162, 1),
  (1, 6163, 1),
  (2, 6163, 1),
  (3, 6163, 1),
  (4, 6163, 1),
  (5, 6163, 1),
  (6, 6163, 1),
  (7, 6163, 1),
  (1, 6164, 1),
  (2, 6164, 1),
  (3, 6164, 1),
  (4, 6164, 1),
  (5, 6164, 1),
  (6, 6164, 1),
  (7, 6164, 1),
  (1, 6165, 1),
  (2, 6165, 1),
  (3, 6165, 1),
  (4, 6165, 1),
  (5, 6165, 1);

  -- Luglio 2023
INSERT INTO prodotti_ordini (id_prodotto, id_ordine, quantita)
VALUES
  (1, 6026, 2),
  (2, 6026, 1),
  (5, 6026, 1),
  (6, 6026, 2),
  (7, 6026, 1),
  (1, 6027, 1),
  (3, 6027, 4),
  (5, 6027, 3),
  (6, 6027, 1),
  (7, 6027, 1),
  (1, 6028, 2),
  (2, 6028, 6),
  (3, 6028, 1),
  (4, 6028, 1),
  (5, 6028, 1),
  (6, 6028, 2),
  (7, 6028, 1),
  (1, 6029, 1),
  (2, 6029, 1),
  (6, 6029, 1),
  (7, 6029, 3),
  (1, 6166, 1),
  (2, 6166, 1),
  (3, 6166, 1),
  (4, 6166, 1),
  (5, 6166, 1),
  (6, 6166, 1),
  (7, 6166, 1),
  (1, 6167, 1),
  (2, 6167, 1),
  (3, 6167, 1),
  (4, 6167, 1),
  (5, 6167, 1),
  (6, 6167, 1),
  (7, 6167, 1),
  (1, 6168, 1),
  (2, 6168, 1),
  (3, 6168, 1),
  (4, 6168, 1),
  (5, 6168, 1),
  (6, 6168, 1),
  (7, 6168, 1),
  (1, 6169, 1),
  (2, 6169, 1),
  (3, 6169, 1),
  (4, 6169, 1),
  (5, 6169, 1),
  (6, 6169, 1),
  (7, 6169, 1),
  (1, 6170, 1),
  (2, 6170, 1),
  (3, 6170, 1),
  (4, 6170, 1),
  (5, 6170, 1),
  (6, 6170, 1),
  (7, 6170, 1),
  (1, 6171, 1),
  (2, 6171, 1),
  (3, 6171, 1),
  (4, 6171, 1),
  (5, 6171, 1),
  (6, 6171, 1),
  (7, 6171, 1),
  (1, 6172, 1),
  (2, 6172, 1),
  (3, 6172, 1),
  (4, 6172, 1),
  (5, 6172, 1),
  (6, 6172, 1),
  (7, 6172, 1),
  (1, 6173, 1),
  (2, 6173, 1),
  (3, 6173, 1),
  (4, 6173, 1),
  (5, 6173, 1),
  (6, 6173, 1),
  (7, 6173, 1),
  (1, 6174, 1),
  (2, 6174, 1),
  (3, 6174, 1),
  (4, 6174, 1),
  (5, 6174, 1),
  (6, 6174, 1),
  (7, 6174, 1),
  (1, 6175, 1),
  (2, 6175, 1),
  (3, 6175, 1),
  (4, 6175, 1),
  (5, 6175, 1);

  -- Agosto 2023
INSERT INTO prodotti_ordini (id_prodotto, id_ordine, quantita)
VALUES
  (1, 6030, 2),
  (2, 6030, 1),
  (5, 6030, 1),
  (6, 6030, 2),
  (7, 6030, 1),
  (1, 6031, 1),
  (3, 6031, 4),
  (5, 6031, 3),
  (6, 6031, 1),
  (7, 6031, 1),
  (1, 6032, 2),
  (2, 6032, 6),
  (3, 6032, 1),
  (4, 6032, 1),
  (5, 6032, 1),
  (6, 6032, 2),
  (7, 6032, 1),
  (1, 6033, 1),
  (2, 6033, 1),
  (6, 6033, 1),
  (7, 6033, 3),
  (1, 6176, 1),
  (2, 6176, 1),
  (3, 6176, 1),
  (4, 6176, 1),
  (5, 6176, 1),
  (6, 6176, 1),
  (7, 6176, 1),
  (1, 6177, 1),
  (2, 6177, 1),
  (3, 6177, 1),
  (4, 6177, 1),
  (5, 6177, 1),
  (6, 6177, 1),
  (7, 6177, 1),
  (1, 6178, 1),
  (2, 6178, 1),
  (3, 6178, 1),
  (4, 6178, 1),
  (5, 6178, 1),
  (6, 6178, 1),
  (7, 6178, 1),
  (1, 6179, 1),
  (2, 6179, 1),
  (3, 6179, 1),
  (4, 6179, 1),
  (5, 6179, 1),
  (6, 6179, 1),
  (7, 6179, 1),
  (1, 6180, 1),
  (2, 6180, 1),
  (3, 6180, 1),
  (4, 6180, 1),
  (5, 6180, 1),
  (6, 6180, 1),
  (7, 6180, 1),
  (1, 6181, 1),
  (2, 6181, 1),
  (3, 6181, 1),
  (4, 6181, 1),
  (5, 6181, 1),
  (6, 6181, 1),
  (7, 6181, 1),
  (1, 6182, 1),
  (2, 6182, 1),
  (3, 6182, 1),
  (4, 6182, 1),
  (5, 6182, 1),
  (6, 6182, 1),
  (7, 6182, 1),
  (1, 6183, 1),
  (2, 6183, 1),
  (3, 6183, 1),
  (4, 6183, 1),
  (5, 6183, 1),
  (6, 6183, 1),
  (7, 6183, 1),
  (1, 6184, 1),
  (2, 6184, 1),
  (3, 6184, 1),
  (4, 6184, 1),
  (5, 6184, 1),
  (6, 6184, 1),
  (7, 6184, 1),
  (1, 6185, 1),
  (2, 6185, 1),
  (3, 6185, 1),
  (4, 6185, 1),
  (5, 6185, 1),
  (6, 6185, 1),
  (7, 6185, 1),
  (1, 6186, 1),
  (2, 6186, 1),
  (3, 6186, 1),
  (4, 6186, 1),
  (5, 6186, 1),
  (6, 6186, 1),
  (7, 6186, 1),
  (1, 6187, 1),
  (2, 6187, 1),
  (3, 6187, 1),
  (4, 6187, 1),
  (5, 6187, 1);

  -- Settembre 2023
INSERT INTO prodotti_ordini (id_prodotto, id_ordine, quantita)
VALUES
  (1, 6034, 2),
  (2, 6034, 1),
  (5, 6034, 1),
  (6, 6034, 2),
  (7, 6034, 1),
  (1, 6035, 1),
  (3, 6035, 4),
  (5, 6035, 3),
  (6, 6035, 1),
  (7, 6035, 1),
  (1, 6036, 2),
  (2, 6036, 6),
  (3, 6036, 1),
  (4, 6036, 1),
  (5, 6036, 1),
  (6, 6036, 2),
  (7, 6036, 1),
  (1, 6037, 1),
  (2, 6037, 1),
  (6, 6037, 1),
  (7, 6037, 3),
  (1, 6188, 1),
  (2, 6188, 1),
  (3, 6188, 1),
  (4, 6188, 1),
  (5, 6188, 1),
  (6, 6188, 1),
  (7, 6188, 1),
  (1, 6189, 1),
  (2, 6189, 1),
  (3, 6189, 1),
  (4, 6189, 1),
  (5, 6189, 1),
  (6, 6189, 1),
  (7, 6189, 1),
  (1, 6190, 1),
  (2, 6190, 1),
  (3, 6190, 1),
  (4, 6190, 1),
  (5, 6190, 1),
  (6, 6190, 1),
  (7, 6190, 1),
  (1, 6191, 1),
  (2, 6191, 1),
  (3, 6191, 1),
  (4, 6191, 1),
  (5, 6191, 1),
  (6, 6191, 1),
  (7, 6191, 1),
  (1, 6192, 1),
  (2, 6192, 1),
  (3, 6192, 1),
  (4, 6192, 1),
  (5, 6192, 1),
  (6, 6192, 1),
  (7, 6192, 1),
  (1, 6193, 1),
  (2, 6193, 1),
  (3, 6193, 1),
  (4, 6193, 1),
  (5, 6193, 1),
  (6, 6193, 1),
  (7, 6193, 1),
  (1, 6194, 1),
  (2, 6194, 1),
  (3, 6194, 1),
  (4, 6194, 1),
  (5, 6194, 1),
  (6, 6194, 1),
  (7, 6194, 1),
  (1, 6195, 1),
  (2, 6195, 1),
  (3, 6195, 1),
  (4, 6195, 1),
  (5, 6195, 1),
  (6, 6195, 1),
  (7, 6195, 1),
  (1, 6196, 1),
  (2, 6196, 1),
  (3, 6196, 1),
  (4, 6196, 1),
  (5, 6196, 1),
  (6, 6196, 1),
  (7, 6196, 1),
  (1, 6197, 1),
  (2, 6197, 1),
  (3, 6197, 1),
  (4, 6197, 1),
  (5, 6197, 1),
  (6, 6197, 1),
  (7, 6197, 1),
  (1, 6198, 1),
  (2, 6198, 1),
  (3, 6198, 1),
  (4, 6198, 1),
  (5, 6198, 1),
  (6, 6198, 1),
  (7, 6198, 1),
  (1, 6199, 1),
  (2, 6199, 1),
  (3, 6199, 1),
  (4, 6199, 1),
  (5, 6199, 1),
  (6, 6199, 1),
  (7, 6199, 1);

  -- Ottobre 2023
INSERT INTO prodotti_ordini (id_prodotto, id_ordine, quantita)
VALUES
  (1, 6038, 2),
  (2, 6038, 1),
  (5, 6038, 1),
  (6, 6038, 2),
  (7, 6038, 1),
  (1, 6039, 1),
  (3, 6039, 4),
  (5, 6039, 3),
  (6, 6039, 1),
  (7, 6039, 1),
  (1, 6040, 2),
  (2, 6040, 6),
  (3, 6040, 1),
  (4, 6040, 1),
  (5, 6040, 1),
  (6, 6040, 2),
  (7, 6040, 1),
  (1, 6041, 1),
  (2, 6041, 1),
  (6, 6041, 1),
  (7, 6041, 3),
  (1, 6200, 1),
  (2, 6200, 1),
  (3, 6200, 1),
  (4, 6200, 1),
  (5, 6200, 1),
  (6, 6200, 1),
  (7, 6200, 1),
  (1, 6201, 1),
  (2, 6201, 1),
  (3, 6201, 1),
  (4, 6201, 1),
  (5, 6201, 1),
  (6, 6201, 1),
  (7, 6201, 1),
  (1, 6202, 1),
  (2, 6202, 1),
  (3, 6202, 1),
  (4, 6202, 1),
  (5, 6202, 1),
  (6, 6202, 1),
  (7, 6202, 1),
  (1, 6203, 1),
  (2, 6203, 1),
  (3, 6203, 1),
  (4, 6203, 1),
  (5, 6203, 1),
  (6, 6203, 1),
  (7, 6203, 1),
  (1, 6204, 1),
  (2, 6204, 1),
  (3, 6204, 1),
  (4, 6204, 1),
  (5, 6204, 1),
  (6, 6204, 1),
  (7, 6204, 1),
  (1, 6205, 1),
  (2, 6205, 1),
  (3, 6205, 1),
  (4, 6205, 1),
  (5, 6205, 1),
  (6, 6205, 1),
  (7, 6205, 1),
  (1, 6206, 1),
  (2, 6206, 1),
  (3, 6206, 1),
  (4, 6206, 1),
  (5, 6206, 1),
  (6, 6206, 1),
  (7, 6206, 1),
  (1, 6207, 1),
  (2, 6207, 1),
  (3, 6207, 1),
  (4, 6207, 1),
  (5, 6207, 1),
  (6, 6207, 1),
  (7, 6207, 1),
  (1, 6208, 1),
  (2, 6208, 1),
  (3, 6208, 1),
  (4, 6208, 1),
  (5, 6208, 1),
  (6, 6208, 1),
  (7, 6208, 1),
  (1, 6209, 1),
  (2, 6209, 1),
  (3, 6209, 1),
  (4, 6209, 1),
  (5, 6209, 1);

  -- Novembre 2023
INSERT INTO prodotti_ordini (id_prodotto, id_ordine, quantita)
VALUES
  (1, 6042, 2),
  (2, 6042, 1),
  (5, 6042, 1),
  (6, 6042, 2),
  (7, 6042, 1),
  (1, 6043, 1),
  (3, 6043, 4),
  (5, 6043, 3),
  (6, 6043, 1),
  (7, 6043, 1),
  (1, 6044, 2),
  (2, 6044, 6),
  (3, 6044, 1),
  (4, 6044, 1),
  (5, 6044, 1),
  (6, 6044, 2),
  (7, 6044, 1),
  (1, 6045, 1),
  (2, 6045, 1),
  (6, 6045, 1),
  (7, 6045, 3),
  (1, 6210, 1),
  (2, 6210, 1),
  (3, 6210, 1),
  (4, 6210, 1),
  (5, 6210, 1),
  (6, 6210, 1),
  (7, 6210, 1),
  (1, 6211, 1),
  (2, 6211, 1),
  (3, 6211, 1),
  (4, 6211, 1),
  (5, 6211, 1),
  (6, 6211, 1),
  (7, 6211, 1),
  (1, 6212, 1),
  (2, 6212, 1),
  (3, 6212, 1),
  (4, 6212, 1),
  (5, 6212, 1),
  (6, 6212, 1),
  (7, 6212, 1),
  (1, 6213, 1),
  (2, 6213, 1),
  (3, 6213, 1),
  (4, 6213, 1),
  (5, 6213, 1),
  (6, 6213, 1),
  (7, 6213, 1),
  (1, 6214, 1),
  (2, 6214, 1),
  (3, 6214, 1),
  (4, 6214, 1),
  (5, 6214, 1),
  (6, 6214, 1),
  (7, 6214, 1),
  (1, 6215, 1),
  (2, 6215, 1),
  (3, 6215, 1),
  (4, 6215, 1),
  (5, 6215, 1),
  (6, 6215, 1),
  (7, 6215, 1),
  (1, 6216, 1),
  (2, 6216, 1),
  (3, 6216, 1),
  (4, 6216, 1),
  (5, 6216, 1),
  (6, 6216, 1),
  (7, 6216, 1),
  (1, 6217, 1),
  (2, 6217, 1),
  (3, 6217, 1),
  (4, 6217, 1),
  (5, 6217, 1),
  (6, 6217, 1),
  (7, 6217, 1),
  (1, 6218, 1),
  (2, 6218, 1),
  (3, 6218, 1),
  (4, 6218, 1),
  (5, 6218, 1),
  (6, 6218, 1),
  (7, 6218, 1),
  (1, 6219, 1),
  (2, 6219, 1),
  (3, 6219, 1),
  (4, 6219, 1),
  (5, 6219, 1),
  (6, 6219, 1),
  (7, 6219, 1),
  (1, 6220, 1),
  (2, 6220, 1),
  (3, 6220, 1),
  (4, 6220, 1),
  (5, 6220, 1),
  (6, 6220, 1),
  (7, 6220, 1),
  (1, 6221, 1),
  (2, 6221, 1),
  (3, 6221, 1),
  (4, 6221, 1);

  -- Dicembre 2023
INSERT INTO prodotti_ordini (id_prodotto, id_ordine, quantita)
VALUES
  (1, 6046, 2),
  (2, 6046, 1),
  (5, 6046, 1),
  (6, 6046, 2),
  (7, 6046, 1),
  (1, 6047, 1),
  (3, 6047, 4),
  (5, 6047, 3),
  (6, 6047, 1),
  (7, 6047, 1),
  (1, 6048, 2),
  (2, 6048, 6),
  (3, 6048, 1),
  (4, 6048, 1),
  (5, 6048, 1),
  (6, 6048, 2),
  (7, 6048, 1),
  (1, 6049, 1),
  (2, 6049, 1),
  (6, 6049, 1),
  (7, 6049, 3),
  (1, 6050, 3),
  (2, 6050, 1),
  (3, 6050, 1),
  (4, 6050, 2),
  (5, 6050, 1),
  (6, 6050, 1),
  (7, 6050, 1),
  (1, 6051, 1),
  (2, 6051, 1),
  (6, 6051, 1),
  (7, 6051, 3),
  (1, 6052, 3),
  (2, 6052, 1),
  (3, 6052, 1),
  (4, 6052, 2),
  (5, 6052, 1),
  (6, 6052, 1),
  (7, 6052, 1),
  (1, 6222, 1),
  (2, 6222, 1),
  (3, 6222, 1),
  (4, 6222, 1),
  (5, 6222, 1),
  (6, 6222, 1),
  (7, 6222, 1),
  (1, 6223, 1),
  (2, 6223, 1),
  (3, 6223, 1),
  (4, 6223, 1),
  (5, 6223, 1),
  (6, 6223, 1),
  (7, 6223, 1),
  (1, 6224, 1),
  (2, 6224, 1),
  (3, 6224, 1),
  (4, 6224, 1),
  (5, 6224, 1),
  (6, 6224, 1),
  (7, 6224, 1),
  (1, 6225, 1),
  (2, 6225, 1),
  (3, 6225, 1),
  (4, 6225, 1),
  (5, 6225, 1),
  (6, 6225, 1),
  (7, 6225, 1),
  (1, 6226, 1),
  (2, 6226, 1),
  (3, 6226, 1),
  (4, 6226, 1),
  (5, 6226, 1),
  (6, 6226, 1),
  (7, 6226, 1),
  (1, 6227, 1),
  (2, 6227, 1),
  (3, 6227, 1),
  (4, 6227, 1),
  (5, 6227, 1),
  (6, 6227, 1),
  (7, 6227, 1),
  (1, 6228, 1),
  (2, 6228, 1),
  (3, 6228, 1),
  (4, 6228, 1),
  (5, 6228, 1),
  (6, 6228, 1),
  (7, 6228, 1),
  (1, 6229, 1),
  (2, 6229, 1),
  (3, 6229, 1),
  (4, 6229, 1),
  (5, 6229, 1),
  (6, 6229, 1),
  (7, 6229, 1),
  (1, 6230, 1),
  (2, 6230, 1),
  (3, 6230, 1),
  (4, 6230, 1),
  (5, 6230, 1),
  (6, 6230, 1),
  (7, 6230, 1),
  (1, 6231, 1),
  (2, 6231, 1),
  (3, 6231, 1),
  (4, 6231, 1),
  (5, 6231, 1),
  (6, 6231, 1);

  -- Gennaio 2024
INSERT INTO prodotti_ordini (id_prodotto, id_ordine, quantita)
VALUES
  (1, 6053, 2),
  (2, 6053, 1),
  (5, 6053, 1),
  (6, 6053, 2),
  (7, 6053, 1),
  (1, 6054, 1),
  (3, 6054, 4),
  (5, 6054, 3),
  (6, 6054, 1),
  (7, 6054, 1),
  (1, 6055, 2),
  (2, 6055, 6),
  (3, 6055, 1),
  (4, 6055, 1),
  (5, 6055, 1),
  (6, 6055, 2),
  (7, 6055, 1),
  (1, 6056, 1),
  (2, 6056, 1),
  (6, 6056, 1),
  (7, 6056, 3),
  (1, 6232, 1),
  (2, 6232, 1),
  (3, 6232, 1),
  (4, 6232, 1),
  (5, 6232, 1),
  (6, 6232, 1),
  (7, 6232, 1),
  (1, 6233, 1),
  (2, 6233, 1),
  (3, 6233, 1),
  (4, 6233, 1),
  (5, 6233, 1),
  (6, 6233, 1),
  (7, 6233, 1),
  (1, 6234, 1),
  (2, 6234, 1),
  (3, 6234, 1),
  (4, 6234, 1),
  (5, 6234, 1),
  (6, 6234, 1),
  (7, 6234, 1),
  (1, 6235, 1),
  (2, 6235, 1),
  (3, 6235, 1),
  (4, 6235, 1),
  (5, 6235, 1),
  (6, 6235, 1),
  (7, 6235, 1),
  (1, 6236, 1),
  (2, 6236, 1),
  (3, 6236, 1),
  (4, 6236, 1),
  (5, 6236, 1),
  (6, 6236, 1),
  (7, 6236, 1),
  (1, 6237, 1),
  (2, 6237, 1),
  (3, 6237, 1),
  (4, 6237, 1),
  (5, 6237, 1),
  (6, 6237, 1),
  (7, 6237, 1),
  (1, 6238, 1),
  (2, 6238, 1),
  (3, 6238, 1),
  (4, 6238, 1),
  (5, 6238, 1),
  (6, 6238, 1),
  (7, 6238, 1),
  (1, 6239, 1),
  (2, 6239, 1),
  (3, 6239, 1),
  (4, 6239, 1),
  (5, 6239, 1),
  (6, 6239, 1),
  (7, 6239, 1),
  (1, 6240, 1),
  (2, 6240, 1),
  (3, 6240, 1),
  (4, 6240, 1),
  (5, 6240, 1),
  (6, 6240, 1),
  (7, 6240, 1),
  (1, 6241, 1),
  (2, 6241, 1),
  (3, 6241, 1),
  (4, 6241, 1),
  (5, 6241, 1),
  (6, 6241, 1),
  (7, 6241, 1),
  (1, 6242, 1),
  (2, 6242, 1),
  (3, 6242, 1),
  (4, 6242, 1),
  (5, 6242, 1),
  (6, 6242, 1),
  (7, 6242, 1),
  (1, 6243, 1),
  (2, 6243, 1),
  (3, 6243, 1);

  -- Febbraio 2024
INSERT INTO prodotti_ordini (id_prodotto, id_ordine, quantita)
VALUES
  (1, 6057, 2),
  (2, 6057, 1),
  (5, 6057, 1),
  (6, 6057, 2),
  (7, 6057, 1),
  (1, 6058, 1),
  (3, 6058, 4),
  (5, 6058, 3),
  (6, 6058, 1),
  (7, 6058, 1),
  (1, 6059, 2),
  (2, 6059, 6),
  (3, 6059, 1),
  (4, 6059, 1),
  (5, 6059, 1),
  (6, 6059, 2),
  (7, 6059, 1),
  (1, 6060, 1),
  (2, 6060, 1),
  (6, 6060, 1),
  (7, 6060, 3),
  (1, 6244, 1),
  (2, 6244, 1),
  (3, 6244, 1),
  (4, 6244, 1),
  (5, 6244, 1),
  (6, 6244, 1),
  (7, 6244, 1),
  (1, 6245, 1),
  (2, 6245, 1),
  (3, 6245, 1),
  (4, 6245, 1),
  (5, 6245, 1),
  (6, 6245, 1),
  (7, 6245, 1),
  (1, 6246, 1),
  (2, 6246, 1),
  (3, 6246, 1),
  (4, 6246, 1),
  (5, 6246, 1),
  (6, 6246, 1),
  (7, 6246, 1),
  (1, 6247, 1),
  (2, 6247, 1),
  (3, 6247, 1),
  (4, 6247, 1),
  (5, 6247, 1),
  (6, 6247, 1),
  (7, 6247, 1),
  (1, 6248, 1),
  (2, 6248, 1),
  (3, 6248, 1),
  (4, 6248, 1),
  (5, 6248, 1),
  (6, 6248, 1),
  (7, 6248, 1),
  (1, 6249, 1),
  (2, 6249, 1),
  (3, 6249, 1),
  (4, 6249, 1),
  (5, 6249, 1),
  (6, 6249, 1),
  (7, 6249, 1),
  (1, 6250, 1),
  (2, 6250, 1),
  (3, 6250, 1),
  (4, 6250, 1),
  (5, 6250, 1),
  (6, 6250, 1),
  (7, 6250, 1),
  (1, 6251, 1),
  (2, 6251, 1),
  (3, 6251, 1),
  (4, 6251, 1),
  (5, 6251, 1),
  (6, 6251, 1),
  (7, 6251, 1),
  (1, 6252, 1),
  (2, 6252, 1),
  (3, 6252, 1),
  (4, 6252, 1),
  (5, 6252, 1),
  (6, 6252, 1),
  (7, 6252, 1),
  (1, 6253, 1),
  (2, 6253, 1),
  (3, 6253, 1),
  (4, 6253, 1),
  (5, 6253, 1),
  (6, 6253, 1),
  (7, 6253, 1),
  (1, 6254, 1),
  (2, 6254, 1),
  (3, 6254, 1),
  (4, 6254, 1),
  (5, 6254, 1),
  (6, 6254, 1),
  (7, 6254, 1),
  (1, 6255, 1),
  (2, 6255, 1);

  -- Marzo 2024
INSERT INTO prodotti_ordini (id_prodotto, id_ordine, quantita)
VALUES
  (1, 6061, 2),
  (2, 6061, 1),
  (5, 6061, 1),
  (6, 6061, 2),
  (7, 6061, 1),
  (1, 6062, 1),
  (3, 6062, 4),
  (5, 6062, 3),
  (6, 6062, 1),
  (7, 6062, 1),
  (1, 6063, 2),
  (2, 6063, 6),
  (3, 6063, 1),
  (4, 6063, 1),
  (5, 6063, 1),
  (6, 6063, 2),
  (7, 6063, 1),
  (1, 6064, 1),
  (2, 6064, 1),
  (6, 6064, 1),
  (7, 6064, 3),
  (1, 6256, 1),
  (2, 6256, 1),
  (3, 6256, 1),
  (4, 6256, 1),
  (5, 6256, 1),
  (6, 6256, 1),
  (7, 6256, 1),
  (1, 6257, 1),
  (2, 6257, 1),
  (3, 6257, 1),
  (4, 6257, 1),
  (5, 6257, 1),
  (6, 6257, 1),
  (7, 6257, 1),
  (1, 6258, 1),
  (2, 6258, 1),
  (3, 6258, 1),
  (4, 6258, 1),
  (5, 6258, 1),
  (6, 6258, 1),
  (7, 6258, 1),
  (1, 6259, 1),
  (2, 6259, 1),
  (3, 6259, 1),
  (4, 6259, 1),
  (5, 6259, 1),
  (6, 6259, 1),
  (7, 6259, 1),
  (1, 6260, 1),
  (2, 6260, 1),
  (3, 6260, 1),
  (4, 6260, 1),
  (5, 6260, 1),
  (6, 6260, 1),
  (7, 6260, 1),
  (1, 6261, 1),
  (2, 6261, 1),
  (3, 6261, 1),
  (4, 6261, 1),
  (5, 6261, 1),
  (6, 6261, 1),
  (7, 6261, 1),
  (1, 6262, 1),
  (2, 6262, 1),
  (3, 6262, 1),
  (4, 6262, 1),
  (5, 6262, 1),
  (6, 6262, 1),
  (7, 6262, 1),
  (1, 6263, 1),
  (2, 6263, 1),
  (3, 6263, 1),
  (4, 6263, 1),
  (5, 6263, 1),
  (6, 6263, 1),
  (7, 6263, 1),
  (1, 6264, 1),
  (2, 6264, 1),
  (3, 6264, 1),
  (4, 6264, 1),
  (5, 6264, 1),
  (6, 6264, 1),
  (7, 6264, 1),
  (1, 6265, 1),
  (2, 6265, 1),
  (3, 6265, 1),
  (4, 6265, 1);

  -- Aprile 2024
INSERT INTO prodotti_ordini (id_prodotto, id_ordine, quantita)
VALUES
  (1, 6065, 2),
  (2, 6065, 1),
  (5, 6065, 1),
  (6, 6065, 2),
  (7, 6065, 1),
  (1, 6066, 1),
  (3, 6066, 4),
  (5, 6066, 3),
  (6, 6066, 1),
  (7, 6066, 1),
  (1, 6067, 2),
  (2, 6067, 6),
  (3, 6067, 1),
  (4, 6067, 1),
  (5, 6067, 1),
  (6, 6067, 2),
  (7, 6067, 1),
  (1, 6068, 1),
  (2, 6068, 1),
  (6, 6068, 1),
  (7, 6068, 3),
  (1, 6266, 1),
  (2, 6266, 1),
  (3, 6266, 1),
  (4, 6266, 1),
  (5, 6266, 1),
  (6, 6266, 1),
  (7, 6266, 1),
  (1, 6267, 1),
  (2, 6267, 1),
  (3, 6267, 1),
  (4, 6267, 1),
  (5, 6267, 1),
  (6, 6267, 1),
  (7, 6267, 1),
  (1, 6268, 1),
  (2, 6268, 1),
  (3, 6268, 1),
  (4, 6268, 1),
  (5, 6268, 1),
  (6, 6268, 1),
  (7, 6268, 1),
  (1, 6269, 1),
  (2, 6269, 1),
  (3, 6269, 1),
  (4, 6269, 1),
  (5, 6269, 1),
  (6, 6269, 1),
  (7, 6269, 1),
  (1, 6270, 1),
  (2, 6270, 1),
  (3, 6270, 1),
  (4, 6270, 1),
  (5, 6270, 1),
  (6, 6270, 1),
  (7, 6270, 1),
  (1, 6271, 1),
  (2, 6271, 1),
  (3, 6271, 1),
  (4, 6271, 1),
  (5, 6271, 1),
  (6, 6271, 1),
  (7, 6271, 1),
  (1, 6272, 1),
  (2, 6272, 1),
  (3, 6272, 1),
  (4, 6272, 1),
  (5, 6272, 1),
  (6, 6272, 1),
  (7, 6272, 1),
  (1, 6273, 1),
  (2, 6273, 1),
  (3, 6273, 1),
  (4, 6273, 1),
  (5, 6273, 1),
  (6, 6273, 1),
  (7, 6273, 1),
  (1, 6274, 1),
  (2, 6274, 1),
  (3, 6274, 1),
  (4, 6274, 1),
  (5, 6274, 1),
  (6, 6274, 1),
  (7, 6274, 1),
  (1, 6275, 1),
  (2, 6275, 1),
  (3, 6275, 1),
  (4, 6275, 1),
  (5, 6275, 1),
  (6, 6275, 1),
  (7, 6275, 1),
  (1, 6276, 1),
  (2, 6276, 1),
  (3, 6276, 1),
  (4, 6276, 1),
  (5, 6276, 1),
  (6, 6276, 1),
  (7, 6276, 1),
  (1, 6277, 1),
  (2, 6277, 1),
  (3, 6277, 1),
  (4, 6277, 1),
  (5, 6277, 1),
  (6, 6277, 1);

  -- Maggio 2024
INSERT INTO prodotti_ordini (id_prodotto, id_ordine, quantita)
VALUES
  (1, 6069, 2),
  (2, 6069, 1),
  (5, 6069, 1),
  (6, 6069, 2),
  (7, 6069, 1),
  (1, 6070, 1),
  (3, 6070, 4),
  (5, 6070, 3),
  (6, 6070, 1),
  (7, 6070, 1),
  (1, 6071, 2),
  (2, 6071, 6),
  (3, 6071, 1),
  (4, 6071, 1),
  (5, 6071, 1),
  (6, 6071, 2),
  (7, 6071, 1),
  (1, 6072, 1),
  (2, 6072, 1),
  (6, 6072, 1),
  (7, 6072, 3),
  (1, 6073, 3),
  (2, 6073, 1),
  (3, 6073, 1),
  (4, 6073, 2),
  (5, 6073, 1),
  (6, 6073, 1),
  (7, 6073, 1),
  (1, 6278, 1),
  (2, 6278, 1),
  (3, 6278, 1),
  (4, 6278, 1),
  (5, 6278, 1),
  (6, 6278, 1),
  (7, 6278, 1),
  (1, 6279, 1),
  (2, 6279, 1),
  (3, 6279, 1),
  (4, 6279, 1),
  (5, 6279, 1),
  (6, 6279, 1),
  (7, 6279, 1),
  (1, 6280, 1),
  (2, 6280, 1),
  (3, 6280, 1),
  (4, 6280, 1),
  (5, 6280, 1),
  (6, 6280, 1),
  (7, 6280, 1),
  (1, 6281, 1),
  (2, 6281, 1),
  (3, 6281, 1),
  (4, 6281, 1),
  (5, 6281, 1),
  (6, 6281, 1),
  (7, 6281, 1),
  (1, 6282, 1),
  (2, 6282, 1),
  (3, 6282, 1),
  (4, 6282, 1),
  (5, 6282, 1),
  (6, 6282, 1),
  (7, 6282, 1),
  (1, 6283, 1),
  (2, 6283, 1),
  (3, 6283, 1),
  (4, 6283, 1),
  (5, 6283, 1),
  (6, 6283, 1),
  (7, 6283, 1),
  (1, 6284, 1),
  (2, 6284, 1),
  (3, 6284, 1),
  (4, 6284, 1),
  (5, 6284, 1),
  (6, 6284, 1),
  (7, 6284, 1),
  (1, 6285, 1),
  (2, 6285, 1),
  (3, 6285, 1),
  (4, 6285, 1),
  (5, 6285, 1),
  (6, 6285, 1),
  (7, 6285, 1),
  (1, 6286, 1),
  (2, 6286, 1),
  (3, 6286, 1),
  (4, 6286, 1),
  (5, 6286, 1),
  (6, 6286, 1),
  (7, 6286, 1),
  (1, 6287, 1),
  (2, 6287, 1),
  (3, 6287, 1),
  (4, 6287, 1),
  (5, 6287, 1),
  (6, 6287, 1),
  (7, 6287, 1),
  (1, 6288, 1),
  (2, 6288, 1),
  (3, 6288, 1),
  (4, 6288, 1),
  (5, 6288, 1),
  (6, 6288, 1),
  (7, 6288, 1),
  (1, 6289, 1),
  (2, 6289, 1);

  -- Giugno 2024
INSERT INTO prodotti_ordini (id_prodotto, id_ordine, quantita)
VALUES
  (1, 6290, 4),
  (2, 6290, 1),
  (5, 6290, 1),
  (6, 6290, 2),
  (7, 6290, 1),
  (1, 6291, 1),
  (3, 6291, 4),
  (5, 6291, 3),
  (6, 6291, 1),
  (7, 6291, 1),
  (1, 6292, 2),
  (2, 6292, 6),
  (3, 6292, 1),
  (4, 6292, 1),
  (5, 6292, 1),
  (6, 6292, 2),
  (7, 6292, 1),
  (1, 6293, 1),
  (2, 6293, 1),
  (6, 6293, 1),
  (7, 6293, 3),
  (1, 6294, 3),
  (2, 6294, 1),
  (3, 6294, 1),
  (4, 6294, 2),
  (5, 6294, 1),
  (6, 6294, 1),
  (7, 6294, 1),
  (1, 6295, 1),
  (2, 6295, 1),
  (3, 6295, 1),
  (4, 6295, 1),
  (5, 6295, 1),
  (6, 6295, 1),
  (7, 6295, 1),
  (1, 6296, 1),
  (2, 6296, 1),
  (3, 6296, 1),
  (4, 6296, 1),
  (5, 6296, 1),
  (6, 6296, 1),
  (7, 6296, 1),
  (1, 6297, 1),
  (2, 6297, 1),
  (3, 6297, 1),
  (4, 6297, 1),
  (5, 6297, 1),
  (6, 6297, 1),
  (7, 6297, 1),
  (1, 6298, 1),
  (2, 6298, 1),
  (3, 6298, 1),
  (4, 6298, 1),
  (5, 6298, 1),
  (6, 6298, 1),
  (7, 6298, 1),
  (1, 6299, 1),
  (2, 6299, 1),
  (3, 6299, 1),
  (4, 6299, 1),
  (5, 6299, 1),
  (6, 6299, 1),
  (7, 6299, 1),
  (1, 6300, 1),
  (2, 6300, 1),
  (3, 6300, 1),
  (4, 6300, 1),
  (5, 6300, 1),
  (6, 6300, 1),
  (7, 6300, 1),
  (1, 6301, 1),
  (2, 6301, 1),
  (3, 6301, 1),
  (4, 6301, 1),
  (5, 6301, 1),
  (6, 6301, 1),
  (7, 6301, 1),
  (1, 6302, 1),
  (2, 6302, 1),
  (3, 6302, 1),
  (4, 6302, 1),
  (5, 6302, 1),
  (6, 6302, 1),
  (7, 6302, 1),
  (1, 6303, 1),
  (2, 6303, 1),
  (3, 6303, 1),
  (4, 6303, 1),
  (5, 6303, 1),
  (6, 6303, 1),
  (7, 6303, 1),
  (1, 6304, 3);


-- Oggi
INSERT INTO prodotti_ordini (id_prodotto, id_ordine, quantita)
VALUES
  (1, 6085, 1),
  (3, 6085, 4),
  (5, 6085, 3),
  (6, 6085, 1),
  (7, 6085, 1),
  (1, 6086, 2),
  (2, 6086, 6),
  (3, 6086, 1),
  (4, 6086, 1),
  (5, 6086, 1),
  (6, 6086, 2),
  (7, 6086, 1),
  (1, 6087, 1),
  (2, 6087, 1),
  (6, 6087, 1),
  (7, 6087, 3),
  (1, 6088, 3),
  (2, 6088, 1),
  (3, 6088, 1),
  (4, 6088, 2),
  (5, 6088, 1),
  (6, 6088, 1),
  (7, 6088, 1),
  (1, 6089, 2),
  (2, 6089, 1),
  (5, 6089, 1),
  (6, 6089, 2),
  (7, 6089, 1),
  (1, 6092, 1),
  (2, 6092, 1),
  (6, 6092, 1),
  (7, 6092, 3),
  (1, 6093, 3),
  (2, 6093, 1),
  (3, 6093, 1),
  (4, 6093, 2),
  (5, 6093, 1),
  (6, 6093, 1),
  (7, 6093, 1),
  (1, 6094, 2),
  (2, 6094, 1),
  (5, 6094, 1),
  (6, 6094, 2),
  (7, 6094, 1),
  (1, 6095, 1),
  (3, 6095, 4),
  (5, 6095, 3),
  (6, 6095, 1),
  (7, 6095, 1),
  (1, 6096, 2),
  (2, 6096, 6),
  (3, 6096, 1),
  (4, 6096, 1),
  (5, 6096, 1),
  (6, 6096, 2),
  (7, 6096, 1);